식당이름,판매음식,식당평점,가격대,주소,특징
Kyoto Modern Terrace,"소기고, 전채",보통,비쌈,교토시 사쿄구,"음식이 맛있어요, 추천을 잘 해줘요, 라멘, 친절해요, 아늑해요"
Mikuni Sapporo,"제철요리, 구운 곰, 푸아그라",높음,정보 없음,홋카이도 삿포로 주오구,"매장이 깨끗해요, 코스요리가 알차요, 음식이 맛있어요, 음식이 맛있어요, 음식이 맛있어요"
Nagataya,"오꼬노미야끼, 누들",높음,보통,히로시마시 나카구,"코스요리가 알차요, 디저트가 맛있어요, 양이 많아요, 인테리어가 멋져요, 음식이 맛있어요"
TABLE 9 TOKYO,호텔 뷔페,높음,보통,도쿄도 미나토구,"음식이 맛있어요, 현지 맛에 가까워요, 인테리어가 멋져요, 음식이 빨리 나와요, 와인"
THE LIVELY KITCHEN FUKUOKA HAKATA,"파스타, 와인",높음,보통,후쿠오카시 하카타구,"오래 머무르기 좋아요, 화장실이 깨끗해요, 인테리어가 멋져요, 현지 장어, 대기 시간이 길어요"
View & Dining The Sky,"스시, 철판구이, 피자",높음,매우 비쌈,도쿄도 치요다구,"고기 질이 좋아요, 매장이 넓어요, 음식이 맛있어요, 가족모임하기 좋아요, 화장실이 깨끗해요"
Restaurant Pave,"뷔페식, 새우필라프",높음,정보 없음,나가사키시 미나미야마테마치,"음식이 맛있어요, 다양한 메뉴가 있어요, 매장이 청결해요, 화장실이 깨끗해요, 가성비가 좋아요"
Brise Verte,와규,높음,비쌈,도쿄도 미나토구,"음악이 좋아요, 음식이 맛있어요, 이탈리안, 피자, 인테리어가 멋져요"
Mishima-Tei (Original),스키야키,높음,비쌈,교토시 나카교구,"친절해요, 매장이 청결해요, 오마카세, 음식이 빨리 나와요, 스시"
sumile TOKYO,"파스타, 와규, 스테이크",높음,보통,도쿄도 시부야구,"음식이 맛있어요, 친절해요, 주차하기 편해요, 가족모임하기 좋아요, 혼밥하기 좋아요"
Akisaryo,초밥,높음,비쌈,히로시마시 나카구,"특별한 날 가기 좋아요, 연인/배우자, 식사하기 좋아요, 인테리어가 멋져요,가족모임 하기 좋아요"
Kinpaginpa,"교자, 닭튀김, 라멘",높음,보통,오키나와현 나카가미군,"음식이 맛있어요, 음식이 맛있어요, 누들, 라멘, 음식이 빨리 나와요"
Hakatarou,생오징어,높음,보통,후쿠오카시 주오구,"화장실이 깨끗해요, 대기 시간이 있어요, 음식이 빨리 나와요, 라멘, 수프"
Ten,스시,보통,보통,도쿄도 시부야구,"요리 기법이 훌륭해요, 매장이 청결해요, 호텔, 오마카세, 화장실이 깨끗해요"
Ganso Hakata Mentaiju Nishinakasu,명란덮밥,보통,비쌈,후쿠오카시 주오구,"코스요리가 알차요, 사진이 잘 나와요, 오리, 음식이 맛있어요, 대화하기 좋아요"
Hajime,Tasting Menu Standard,높음,매우 비쌈,오사카시 니시구,"요리 기법이 훌륭해요, 특별한 메뉴가 있어요, 주차하기 편해요, 밥, 인테리어가 멋져요"
Kitchen Nagoya,"미소카츠, 테바사키",보통,보통,나고야시 나카무라구,"e특별한 날 가기 좋아요ly, 음식이 맛있어요, 인디안, 주차하기 편해요, 신선해요"
Gonpachi Nishi-Azabu,"송어구이, 튀김, 맥주",높음,보통,도쿄도 미나토구,"음식이 맛있어요, 음식이 맛있어요, 미소, 스키야키, 가족모임"
Okonomimura,오꼬노미야끼,높음,보통,히로시마현 나카구,"현지 맛에 가까워요, 차분한 분위기에요, 식사하기 좋아요, 인테리어가 멋져요, 음식이 빨리 나와요"
GYOPAO Gyoza Roppongi,"수프 덤플링, 프라이드 교자, 중국식 만두",매우 높음,저렴,도쿄도 미나토구,"특별한 메뉴가 있어요, 음식이 맛있어요, 인테리어가 멋져요, 음식이 빨리 나와요, 혼밥하기 좋아요"
Ryuzu,창의적인 프랑스 요리,높음,정보 없음,도쿄도 미나토구,"코스요리가 알차요, 음식이 맛있어요, 재료가 신선해요, 대화하기 좋아요, 소스가 맛있어요"
Northern Kitchen～All Day Dining～,뷔페식,높음,보통,홋카이도 삿포로 주오구 ,"기념일, 고기 질이 좋아요, 요리 기법이 훌륭해요, 특별한 메뉴가 있어요, 여행"
Sapporo Ichiryuan,라멘,높음,보통,홋카이도 삿포로 주오구,"음식이 맛있어요, 음식이 맛있어요, 화장실이 깨끗해요, 친절해요, 음식이 빨리 나와요"
agnel d'or,"창의적인 프랑스 전통 느낌 코스요리, 와규 스테이크",높음,정보 없음,오사카시 니시구,"현지 맛에 가까워요, 말차, 음식이 빨리 나와요, 차가 맛있어요, 대화하기 좋아요"
Original Chawanmushi YOSSOU (Hamamachi Main Branch),"동파육, 사시미, 고등어초밥, 치킨가라아게",높음,보통,나가사키시 하마마치,"메뉴가 다양해요, 커틀렛, 버거, 밥, 터키식"
Den,"와규, 계절별 메뉴",높음,비쌈,도쿄도 시부야구,"특별한 날 가기 좋아요, 고급진 메뉴가 많이 나와요, 인테리어가 멋져요, 음식이 빨리 나와요, 와인"
Uodana Asa,"사시미, 동파육",높음,보통,나가사키시 다이코쿠마치,"나들이, 음식이 맛있어요, 대화하기 좋아요, 다양한 메뉴가 있어요, 주차하기 편해요"
Kapp? Yoshida,"사시미, 오징어, 튀김 ",높음,보통,후쿠오카시 하카타구,"주차하기 편해요, 혼밥하기 좋아요, 타코야끼, 대기 시간이 길어요, 가성비가 좋아요"
Paprika shokudo Vegan,"교자, soy meat, 데리야끼 ",매우 높음,보통,오사카시 니시구,"음식이 맛있어요, 대화하기 좋아요, 매장이 청결해요, 화장실이 깨끗해요, 신선해요"
Italian cuisine Opium,"파스타, 코스요리, 와인",높음,보통,오사카시 니시구,"음식이 맛있어요, 오래 머무르기 좋아요, 친구, 돼지고기, 대기 시간이 있어요, 대기 시간이 길어요"
Namba Okonomiyaki Ajinoya Honten,오코노미야끼,높음,보통,오사카시 주오구,"음식이 맛있어요, 특별한 메뉴가 있어요, 나들이, 해산물음식이 맛있어요, 새우"
Ramen Sen-no-Kaze Kyoto,라멘,높음,보통,교토시 나카교구,"게, 식사하기 좋아요, 데이트, 인테리어가 멋져요, 외관이 예뻐요"
House,제철 메뉴,높음,보통,도쿄도 미나토구,"음식이 맛있어요, 대화하기 좋아요, 주차하기 편해요, 컨셉이 독특해요, 혼밥하기 좋아요"
Kobe Steak Sai-Dining,와규,높음,비쌈,효고현 고베시 주오구,"버거, 버거, 매장이 청결해요, 다양한 메뉴가 있어요, 분위기가 좋아요"
Kobe Plaisir,"비프, 와인",높음,정보 없음,효고현 시모야마테소리,"추천을 잘해줘요, 양이 많아요, 음식이 맛있어요, 인테리어가 멋져요, 추천을 잘해줘요"
Rei-chan Hiroshima,오꼬노미야끼 ,높음,보통,히로시마시 미나미구,"음식이 맛있어요, 매장이 청결해요, 데이트, 다양한 메뉴가 있어요, 스시"
Okonomiyaki Mizuno,"오코노미야끼, 해산물",보통,보통,오사카시 주오구,"연인/배우자, 사진이 잘 나와요, 대화하기 좋아요, 매장이 넓어요, 메뉴 구성이 알차요"
Ali's Kitchen Osaka Halal Pakistani & Arabic Restaurant,"치킨 비리야니, 버터 난",높음,보통,오사카시 주오구,"고기 질이 좋아요, 음식이 맛있어요, 친절해요, 신선해요, 와규"
Kobe beef Ramen Yazawa,고베규 라멘,높음,보통,효고현 고베시 주오구,"일상, 음식이 맛있어요, 음식이 맛있어요, 밥, 컨셉이 독특해요"
Sapporo Ramen Haruka,라멘,매우 높음,보통,홋카이도 삿포로 주오구,"음식이 맛있어요, 특별한 메뉴가 있어요, 음식이 맛있어요, 매장이 청결해요, 음식이 맛있어요"
ADI,"마실라 차이, 카레, 달 바트",매우 높음,정보 없음,도쿄도 메구로구,"대화하기 좋아요, 매장이 넓어요, 음악이 좋아요, 다양한 메뉴가 있어요, 현지의 맛과 비슷해요"
Alto Tritone,파스타 ,매우 높음,정보 없음,오사카시 기타구,"음식이 맛있어요, 매장이 넓어요, 연인/배우자, 재료가 신선해요, 데이트"
Attic,"파스타, 피자",높음,보통,나가사키시 데지마마치,"아늑해요, 양이 많아요, 음식이 맛있어요, 메뉴 구성이 알차요, 사진이 잘 나와요"
bills Fukuoka,"브런치, 팬케이크",보통,비쌈,후쿠오카시 주오구,"음식이 맛있어요, 대화하기 좋아요, 데이트, 주차하기 편해요, 인테리어가 멋져요"
bills Omotesando,"샐러드, 버거, 토스트, 슈니첼",높음,비쌈,도쿄도 시부야구,"음식이 맛있어요, 음료가 맛있어요, 음식이 빨리 나와요, 대기시간이 길어요, 대기시간이 길어요"
Bunjiro Asahimachi,돈까스,높음,보통,나가사키시 아사히마치 ,"사진이 잘 나와요, 음식이 맛있어요, 매장이 청결해요, 음악이 좋아요, 뷰가 좋아요"
JYOTI The Door to India,"인도 커리, 난",매우 높음,보통,홋카이도 삿포로 주오구,"커피가 맛있어요, 음식이 맛있어요, 유명 맛집, 부모님, 뷰가 좋아요"
Chikae Fukuoka,"생선, 해산물",높음,비쌈,후쿠오카시 주오구,"유명 맛집, 음식이 맛있어요, 인테리어가 멋져요, 소스가 맛있어요, 음식이 맛있어요"
Daichi no udon,"우동, 튀김우동",높음,저렴,후쿠오카시 하카타구,"친구, 인테리어가 멋져요, 매장이 깨끗해요, 대화하기 좋아요, 야외공간이 멋져요"
eat,스시,높음,비쌈,도쿄도 미나토구,"유명 맛집, 특별한 메뉴가 있어요, 음식이 맛있어요, 연인/배우자, 혼밥하기 좋아요"
Ekohiiki,"장어구이, 굴",높음,보통,히로시마현 나카구,"일상, 대화하기 좋아요, 음식이 맛있어요, 차분한 분위기에요, 주차하기 편해요"
FUKUOKA CRAFT by El Borracho,"과카몰리, 맥주",높음,보통,후쿠오카시 주오구,"기념일, 화장실이 깨끗해요, 음악이 좋아요, 뷰가 좋아요, 뷰가 좋아요"
Gourmet Sushi Market Awase Branch,스시,높음,정보 없음,오키나와현 히야곤,"양이 많아요, 음식이 맛있어요, 데이트, 혼밥하기 좋아요, 와인"
Groumet Conveyor Belt Sushi Ichiba Mihama,"스시, 고등어, 조각 뱀장어 군함말이",높음,보통,오키나와현 나카가미군,"음식이 맛있어요, 대화하기 좋아요, 매장이 청결해요, 친구, 인테리어가 멋져요"
Japanese Restaurant Hanasato KOBE,히다규,매우 높음,보통,효고현 고베시 히가시나다구,"대화하기 좋아요, 양이 많아요, 음료가 맛있어요, 음식이 맛있어요, 주차하기 편해요"
Sushitei Hikarimachi,"스시, 사시미",높음,보통,히로시마현 히가시구,"고기 질이 좋아요, 한국인 입맛에 맞아요, 여행, 밥, 설로인"
Hitsumabushi Bincho ESCA Branch,"구운 장어, 맥주",높음,비쌈,아이치현 나고야시 나카무라구,"술이 다양해요, 고급진 메뉴가 많이 나와요, 혼밥하기 좋아요, 화장실이 깨끗해요, 음악이 좋아요"
Hitsumabushi Nagoya Bincho Grando Front Osaka,"장어, 히쓰마부시",높음,비쌈,오사카시 키타구,"요리 기법이 훌륭해요, 음식이 맛있어요, 친절해요, 매장이 청결해요, 인테리어가 멋져요"
Kabi,"내추럴와인페어링, 코스요리",높음,정보 없음,도쿄도 메구로구,"요리 기법이 훌륭해요, 특별한 메뉴가 있어요, 음식이 맛있어요, 현지 맛에 가까워요, 메뉴 구성이 알차요"
Kikyo Sushi,"스시, 구운 은대구 ",매우 높음,보통,교토부 나카교구,"요리 기법이 훌륭해요, 양이 많아요, 특별한 메뉴가 있어요, 화장실이 깨끗해요, 사케"
Kobe Kikusui Teppanyaki Restaurant,고베규,높음,보통,효고현 고베시 주오구,"사진이 잘 나와요, 양이 많아요, 음식이 맛있어요, 식사하기 좋아요, 음식이 빨리 나와요"
Sakuragawa,가이세키,높음,정보 없음,교토시 나카교구,"기념일, 고기 질이 좋아요, 코스요리가 알차요, 여행, 주차하기 편해요"
L'eau,"코스요리, 독창적 프랑스 요리, 와인",매우 높음,정보 없음,도쿄도 미나토구,"음식이 맛있어요, 메뉴 구성이 알차요, 인테리어가 멋져요, 음식이 빨리 나와요, 재료가 신선해요"
Indian Restaurant MILAN Ohato,"버터 치킨, 탄두리 치킨",높음,보통,나가사키시 가바시마마치 ,"특별한 메뉴가 있어요, 재료가 신선해요, 현지 맛에 가까워요, 밥, 음식이 맛있어요"
Seasonal cuisine Nakashima,오마카세,매우 높음,정보 없음,히로시마시 나카구,"아늑해요, 집중하기 좋아요, 부모님, 가족모임하기 좋아요, 빵이 맛있어요"
Veggie Cafe Bar Nobister,"샐러드, 비건 커리",매우 높음,보통,나가사키시 에도마치,"대화하기 좋아요, 차분한 분위기에요, 음식이 빨리 나와요, 와인, 가성비가 좋아요"
Meraki Kitchen,"덤플링, 스시, 난",높음,보통,아이치현 나고야시 나카무라구,"특별한 메뉴가 있어요, 음식이 맛있어요, 식사하기 좋아요, 음식이 빨리 나와요, 음악이 좋아요"
Otis!,"바나나 케이크, 비건 타코, 비건 치즈",매우 높음,정보 없음,히로시마현 나카구,"화장실이 깨끗해요, 음식이 맛있어요, 사케, 음식이 맛있어요, 대화하기 좋아요"
Red Lantern,"나가사키 짬뽕, 딤섬 ",높음,보통,나가사키시 데지마마치,"양이 많아요, 특별한 메뉴가 있어요, 매장이 청결해요, 음식이 빨리 나와요, 음악이 좋아요"
Red Rock,"스테이크덮밥, 로스트 비프 덮밥, 커리",높음,보통,효고현 고베 중앙구,"음료가 맛있어요, 음식이 맛있어요, 대화하기 좋아요, 데이트, 주차하기 편해요"
Sama Sama Nagoya,치킨,높음,보통,아이치현 나고야시 나카구,"양이 많아요, 음식이 맛있어요, 동료/지인, 재료가 신선해요, 음악이 좋아요"
Nagaoka,가이세키,매우 높음,정보 없음,후쿠오카시 주오구,"특별한 메뉴가 있어요, 음식이 맛있어요, 음식이 빨리 나와요, 음악이 좋아요, 뷰가 좋아요"
Suginome Main Susukino restaurant,"게, 코스요리",높음,비쌈,홋카이도 삿포로시 주오구,"특별한 메뉴가 있어요, 고급진 메뉴가 많이 나와요, 음식이 빨리 나와요, 데이트, 와인"
Umegaoka Sushi no Midori-Sohonten,"사시미, 스시",높음,저렴,아이치현 나고야 나카무라구,"사진이 잘 나와요, 음식이 맛있어요, 대화하기 좋아요, 인테리어가 멋져요, 화장실이 깨끗해요"
Tatsumura,가이세키,매우 높음,정보 없음,교토시 시모교구,"화장실이 깨끗해요, 대화하기 좋아요, 친구, 매장이 넓어요, 뷰가 좋아요"
(Uochu),"덮밥, 된장국, 새우 튀김, 생선",높음,보통,후쿠오카시 주오구,"요리 기법이 훌륭해요, 추천을 잘해줘요, 특별한 메뉴가 있어요, 음식이 맛있어요, 타파스"
Teshikaga Ramen,라멘,매우 높음,보통,홋카이도 삿포로 주오구,"음식이 맛있어요, 대화하기 좋아요, 오마카세, 대화하기 좋아요, 음악이 좋아요"
The Ship,"피시앤칩스, 스테이크",높음,저렴,후쿠오카시 하카타구,"기념일, 특별한 날 가기 좋아요, 음식이 맛있어요, 데이트, 뷰가 좋아요"
Kaitenzushi Toriton,초밥,높음,보통,홋카이도 삿포로시 도요히라구,"요리 기법이 훌륭해요, 데이트, 화장실이 깨끗해요, 현지 맛에 가까워요, 우카이"
Holiday Inn ANA Sapporo Susukino All Day Dining Verde,뷔페식,보통,저렴,홋카이도 삿포로 주오구,"음식이 맛있어요, 대화하기 좋아요, 할랄, 혼밥하기 좋아요, 와규"
Bollywood Dreams,치킨 커리,높음,보통,오키나와현 나카가미군,"화장실이 깨끗해요, 특별한 메뉴가 있어요, 음식이 맛있어요, 대화하기 좋아요, 음식이 빨리 나와요"
Bullan Bali restaurant,사케,높음,보통,아이치현 나고야시 나카구,"음식이 맛있어요, 재료가 신선해요, 매장이 청결해요, 현지 맛에 가까워요, 화장실이 깨끗해요"
fummy's grill NAGOYA フミ?ズグリル名古屋,"오믈렛, 파스타, 피자",보통,정보 없음,아이치현 나고야시 나카무라구,"요리 기법이 훌륭해요, 음식이 맛있어요, 오꼬노미야끼, 인테리어가 예뻐요, 가족모임"
Coat of Arms Bar and Restaurant,스테이크,높음,보통,나고야 아이치현 니시키 나카구 ,"오래 머무르기 좋아요, 음식이 맛있어요, 대화하기 좋아요, 매장이 청결해요, 친구"
C:GRILL,"참치, 와규, 해산물",높음,비쌈,오사카시 기타구,"대화하기 좋아요, 음식이 맛있어요, 매장이 청결해요, 음식이 빨리 나와요, 오래 머무르기 좋아요"
KURA - Teppanyaki & Sushi,"스시, 사시미, 와규 ",매우 높음,비쌈,오사카부 기타구,"다이닝, 특별한 메뉴가 있어요, 오래 머무르기 좋아요, 화장실이 깨끗해요, 비즈니스"
VINOTECA,"피자, 파스타, 리조또 ",높음,정보 없음,오사카시 주오구,"라멘, 매콤하게 먹을 수 있어요, 가족모임, 건강한 맛이에요, 와규"
Guttsuri-ann,"가자미튀김, 사시미",매우 높음,정보 없음,히로시마현 미나미구,"친절해요, 음식이 맛있어요, 양이 많아요, 대화하기 좋아요, 음식이 빨리 나와요"
Shin Shin,라멘,높음,보통,후쿠오카시 주오구,"고기 질이 좋아요, 친목, 여행, 밥, 직접 잘 구워줘요"
Tempura Hirao Main Store,튀김 ,높음,저렴,후쿠오카시 하카타구,"고기 질이 좋아요, 오래 머무르기 좋아요, 요리 기법이 훌륭해요, 특별한 메뉴가 있어요, 밥"
Horaiken,나가사키 짬뽕 ,높음,보통,나가사키시 히라노마치,"버거, 음식이 맛있어요, 대화하기 좋아요, 데이트, 신선해요"
Kawataro Nakasu,생오징어스시,높음,비쌈,후쿠오카시 하카타구,"음식이 맛있어요, 대화하기 좋아요, 오꼬노미야끼, 신선해요, 인테리어가 멋져요"
Kozanrochukagaishinkan,"짬뽕, 칠리새우, 볶음밥",보통,보통,나가사키시 신치마치,"음식이 맛있어요, 호텔, 식사하기 좋아요, 룸이 잘 되어있어요, 룸이 잘 되어있어요"
Maruhashokudo JR Nagoyaekiten,"점보새우튀김, 해산물",보통,보통,나고야 아이치현 나카무라구,"오래 머무르기 좋아요, 빵이 맛있어요, 음식이 맛있어요, 이탈리안, 건강한 맛이에요"
Aromafresca Nagoya,파스타 ,높음,비쌈,아이치현 나카구,"오래 머무르기 좋아요, 코스요리가 알차요, 사진이 잘 나와요, 식사하기 좋아요, 튀김"
Primrose,"토루코라이스, 햄버거스테이크",높음,보통,나가사키시 후루카와마치,"요리 기법이 훌륭해요, 음식이 맛있어요, 음식이 맛있어요, 메뉴 구성이 알차요, 인테리어가 멋져요"
Rodda group,커리,높음,보통,오사카시 니시구,"요리 기법이 훌륭해요, 음식이 맛있어요, 식사하기 좋아요, 인테리어가 멋져요, 요하쿠"
Roopali Indian Restaurant,"마살라, 난",높음,보통,히로시마현 히가시구,"고기 질이 좋아요, 특별한 메뉴가 있어요, 친절해요, 여행, 메뉴 구성이 알차요"
Rue d’Or,"비프 부르기뇽, 해산물 그라탕",높음,비쌈,오사카시 주오구,"특별한 메뉴가 있어요, 데이트, 돼지고기, 음식이 맛있어요, 돈카츠"
Kagetsu,싯포쿠 요리,높음,매우 비쌈,나가사키시 마루야마마치,"친절해요, 메뉴 구성이 알차요, 주차하기 편해요, 혼밥하기 좋아요, 스시"
Schmatz beer dining JR nagoya,슈니첼 ,보통,보통,나고야 아이치현 나카무라구,"코스요리가 알차요, 음식이 맛있어요, 대화하기 좋아요, 밥, 화장실이 깨끗해요"
Nagasaki Shippoku Hamakatsu,코스요리,높음,보통,나가사키시 가지야마치 ,"친절해요, 음식이 맛있어요, 매장이 청결해요, 음식이 빨리 나와요, 컨셉이 독특해요"
Suage+,커리,높음,보통,홋카이도 삿포로 주오구,"음식이 맛있어요, 현지 맛에 가까워요, 신선해요, 인테리어가 멋져요, 음식이 빨리 나와요"
Sushi Natsume,"오마카세, 사시미, 스시, 유자 아이스크림",높음,비쌈,홋카이도 삿포로 주오구,"생선, 매장이 청결해요, 주차하기 편해요, 특별한 메뉴가 있어요 , 스시"
多?川,"스시, 사케",매우 높음,정보 없음,후쿠오카시 주오구,"음식이 맛있어요, 대화하기 좋아요, 매장이 청결해요, 신선해요, 건강한 맛이에요"
Wakkoqu,고베규,높음,비쌈,효고현 주오구,"카츠, 미소, 돼지고기, 수프, 돈카츠"
Wakkoqu,"고베규, 설로인",높음,매우 비쌈,고배시 주오구,"사진이 잘 나와요, 현지 맛에 가까워요,메뉴가 다양해요, 음식이 빨리 나와요, 와인"
Nagasaki Wagyu YAKINIKU PURE,와규,높음,보통,나가사키시 신치마치,"음식이 맛있어요, 매장이 청결해요, 호텔, 음식이 빨리 나와요, 물"
yasai hori,"사시미, 참치, 버섯샐러드",높음,정보 없음,교토시 나카교구,"기념일, 음식이 맛있어요, 친절해요, 케밥, 부모님"
MAIZURU KITCHEN Organic Japanese Restaurant,오마카세,매우 높음,보통,후쿠오카시 주오구,"음식이 맛있어요, 가족모임, 신선해요, 룸이 잘 되어있어요, 대기시간이 길어요"
BALCON TOKYO,"ROAST BEEF, 파스타",높음,정보 없음,도쿄도 미나토구,"음식이 맛있어요, 대화하기 좋아요, 메뉴 구성이 알차요, 친절해요, 혼밥하기 좋아요"
FISHMANS SAPPORO,"생굴, 와규",높음,보통,홋카이도 삿포로 주오구,"화장실이 깨끗해요, 음식이 맛있어요, 음식이 빨리 나와요, 컨셉이 독특해요, 대기시간이 길어요"
Nuchigafu,"류큐국 요리, 코스요리, 돼지고기",높음,보통,오키나와현 나하시,"특별한 메뉴가 있어요, 음식이 맛있어요, 매장이 청결해요, 주차하기 편해요, 음식이 빨리 나와요"
Corrente,"코스요리, 와인",높음,보통,오키나와현 나카가미군,"음식이 맛있어요, 대화하기 좋아요, 매장이 청결해요, 할랄, 신선해요"
CoCo-Nuts Fukuoka Cafe & Dining （ココナッツ福岡 カフェ＆ダイニング）,"타이 음식, 찜닭 & 크리스피 포크 세트",매우 높음,보통,후쿠오카시 사와라구,"음식이 맛있어요, 메뉴 구성이 알차요, 문어, 친절해요, 혼밥하기 좋아요"
Kobe beef Daichi,"고베규, 고베규 스시",매우 높음,비쌈,효고현 고베시 주오구,"여행, 부위가 다양해요, 주차하기 편해요, 와규, 가성비가 좋아요"
Azuma Sushi,"스시, 사시미",높음,보통,교토시 히가시야마구,"음식이 맛있어요, 양이 많아요, 친절해요, 특별한 메뉴가 있어요, 음식이 맛있어요"
Donburi Chaya,"게, 새우, 해산물",보통,보통,홋카이도 삿포로 주오구,"일상, 음식이 맛있어요, 음식이 맛있어요, 네팔식, 다양한 메뉴가 있어요"
Bali Noon Bali Moon,"발리새우커리, 치킨른당 ",높음,보통,오키나와 쿠보타,"음식이 맛있어요, 고급진 메뉴가 많이 나와요, 대화하기 좋아요, 주차하기 편해요, 컨셉이 독특해요"
Sagano,사시미 ,높음,매우 비쌈,후쿠오카시 하카타구,"친절해요, 현지 맛에 가까워요, 메뉴 구성이 알차요, 부모님, 컨셉이 독특해요"
Malto Kyoto,스키야키,높음,정보 없음,교토시 시모교구,"오래 머무르기 좋아요, 매장이 넓어요, 특별한 메뉴가 있어요, 재료가 신선해요, 스시"
Wagyu Shabushabu Sukiyaki Fujiyama,"샤브샤브, 스키야키",매우 높음,정보 없음,홋카이도 삿포로 중앙구,"오래 머무르기 좋아요, 라멘, 친구, 대기 시간이 길어요, 가성비가 좋아요"
Genjyu,스시,매우 높음,정보 없음, 후쿠오카시 주오구,"음식이 맛있어요, 대화하기 좋아요, 차분한 분위기에요, 밥, 음식이 맛있어요"
SUI Fine Dining Restaurant,"문어라멘, 생선까스 ",매우 높음,정보 없음,교토부 히가시야마구,"매장이 청결해요, 다양한 메뉴가 있어요, 부모님, 음식이 빨리 나와요, 설로인"
Grill Kissho,"함박스테이크, 고베규",높음,비쌈,효고현 고베시 주오구,"기념일, 요리 기법이 훌륭해요, 음식이 맛있어요, 음식이 빨리 나와요, 건강한 맛이에요"
Sushi Gyoten,스시,높음,매우 비쌈,후쿠오카시 주오구,"생선, 음식이 맛있어요, 재료가 신선해요, 인테리어가 멋져요, 음식이 맛있어요"
Grill Restaurant Bulls kitchen AMU Nagasaki,"나가사키 터키 라이스, 레몬 스테이크 ",보통,보통,나가사키시 오노우에마치,"오래 머무르기 좋아요, 친구, 다양한 메뉴가 있어요, 오징어, 스시"
GYUKATSU KYOTO KATSUGYU Hiroshima Ekimae Store,규카츠,높음,보통,히로시마시 미나미구,"음식이 맛있어요, 현지 맛에 가까워요, 데이트, 주차하기 편해요, 음식이 빨리 나와요"
Gyukatsu Kyoto Katsugyu - Ponto-cho Main Shop,규카츠,매우 높음,보통,교토부 나카교구,"고기 질이 좋아요, 음식이 맛있어요, 화장실이 깨끗해요, 대기 시간이 있어요, 대기 시간이 길어요"
Gyukatsu Motomura,규카츠,매우 높음,보통,후쿠오카시 주오구,"화장실이 깨끗해요, 인테리어가 멋져요, 오징어, 튀김, 비싼 만큼 가치있어요"
Hale Noa Cafe,"에그 베네딕트, 프렌치 토스트, 브런치",높음,보통,오키나와현 나카가미군,"고기 질이 좋아요, 규카츠, 혼밥하기 좋아요, 대기시간이 길어요, 대기 시간이 길어요"
熟成刺身と旨い酒 京都 ひとしお,스시,매우 높음,정보 없음,교토시 나카교구 ,"대화하기 좋아요, 대기 시간이 있어요, 컨셉이 독특해요, 음식이 빨리 나와요, 튀김"
Hoa Sen Restaurant,쌀국수,높음,보통,홋카이도 삿포로시 주오구,"음식이 맛있어요, 매장이 넓어요, 음식이 맛있어요, 프라이, 오징어"
Hountei Main Store Torifuku,"가라아게, 교자, 맥주",높음,저렴,나가사키시 도자마치,"요리 기법이 훌륭해요, 특별한 메뉴가 있어요, 음식이 맛있어요, 현지 맛에 가까워요, 인테리어가 멋져요"
Ichinichiichizen Fukuoka,"해물 덮밥,  사시미",매우 높음,정보 없음,후쿠오카시 주오구,"음식이 맛있어요, 직접 잘 구워줘요, 부위가 다양해요, 직접 잘 구워줘요, 대기시간이 길어요"
CHIUnE,"장어, 전복",높음,매우 비쌈,도쿄도 미나토구,"매장이 넓어요, (식용의) 간, 음식이 맛있어요, 푸아그라, 가성비가 좋아요"
Itoh Dining,"카펠리니, 연어, 와규",높음,매우 비쌈,교토시 히가시야마구,"현지 맛에 가까워요, 모츠나베, 추천을 잘해줘요, 컨셉이 독특해요, 수프"
Gotsubo Oyster Bar,굴,높음,저렴,홋카이도 삿포로시 주오구,"특별한 날 가기 좋아요, 매장이 청결해요, 주차하기 편해요, 음식이 빨리 나와요, 아늑해요"
Tempura tentomi,텐동,매우 높음,보통,오사카시 기타구,"차분한 분위기에요, 주차하기 편해요, 일상, 튀김, 우동"
KARSIYAKA,"케밥, 수프",높음,보통,히로시마시 나카구,"추천을 잘해줘요, 특별한 메뉴가 있어요, 대화하기 좋아요, 인테리어가 멋져요, 와인"
Kenny.row.,"스시, 오마사케",매우 높음,정보 없음,오사카시 후쿠시마구,"음식이 맛있어요, 양이 많아요, 매장이 청결해요, 특별한 음식이 있어요, 신선해요"
Kikunoi Honten,가이세키,높음,매우 비쌈,교토시 히가시야마구,"화장실이 깨끗해요, 음식이 맛있어요, 특별한 음식이 있어요, 인테리어가 멋져요, 특별한 메뉴가 있어요"
Kobe Beef Kiyama,"와규, 고베규, 스시",매우 높음,비쌈,효고현 고베 주오구,"오래 머무르기 좋아요, 요리 기법이 훌륭해요,특별한 메뉴가 잇어요, 신선해요, 인테리어가 멋져요"
Kyoto Kitcho Nagoya Branch,가이세키,높음,매우 비쌈,아이치현 나고야시,"음식이 맛있어요, 음식이 맛있어요, 특별한 음식이 있어요, 밥, 컨셉이 독특해요"
Tagoto honten,"가이세키, 유바 요리",높음,정보 없음,교토시 시모교구,"화장실이 깨끗해요, 빵이 맛있어요, 음식이 맛있어요, 대화하기 좋아요, 가성비가 좋아요"
Lien,프랑스 코스요리,높음,보통,도쿄도 세타가야구,"커리, 음식이 맛있어요, 현지 맛과 비슷해요, 특별한 메뉴가 있어요, 우동"
What’s Matsusaka Beef,"비프 사시미, 비빔밥",매우 높음,정보 없음,교토시 나카교구,"맥주가 맛있어요, 추천을 잘해줘요, 대화하기 좋아요, 매장이 청결해요, 친구"
LURRA°,파인다이닝,높음,매우 비쌈,교토시 히가시야마구,"뷔페식, 매장이 넓어요, 음식이 맛있어요, 대화하기 좋아요, 가성비가 좋아요"
Somchai,"태국식 볶음밥, 생선튀김",매우 높음,보통,오키나와현 센트럴,"코스요리가 알차요, 대화하기 좋아요, 연인/배우자, 랍스터, 직접 잘 구워줘요"
Gen Restaurant,스시,높음,저렴,오키나와현 나카가미군,"특별한 음식이 있어요, 친절해요, 데이트, 주차하기 편해요, 음악이 좋아요"
Saishuan Shiraki,퓨전 오반자이,매우 높음,정보 없음,교토시 후나야초,"오래 머무르기 좋아요, 술이 다양해요, 차분한 분위기에요, 혼밥하기 좋아요, 음식이 맛있어요"
Sushi on La Cienega,스시,높음,정보 없음,오키나와현 나카가미군,"연인/배우자, 사케, 해산물, 추천을 잘해줘요, 스시"
Malaya Malaysian Restaurant,"나시고랭, 커리",높음,보통,나가사키시 고젠마치,"맥주가 맛있어요, 음료가 맛있어요, 음료가 맛있어요, 추천을 잘 해줘요, 음식이 빨리 나와요"
MatiMahal Indian Restaurant Nagasaki,"커리, 난, 탄두리치킨",높음,정보 없음,나가사키시 사쿠라마치,"오래 머무르기 좋아요, 음식이 맛있어요, 매장이 청결해요, 현지 맛에 가까워요, 주차하기 편해요"
Jikasei MENSHO,라멘,매우 높음,보통,교토시 히가시야마구,"외관의 멋져요, 연인/배우자, 인테리어가 멋져요, 사카이, 스시"
Misono Kobe Main Restaurant,비프,높음,매우 비쌈,효고현 고베 주오구,"부타동(덮밥), 대화하기 좋아요, 부위가 다양해요, 돼지고기, 밥"
Seafood Market Nagasaki Port Dejima Wharf Branch,"카이센동, 사시미",보통,보통,나가사키시 데지마마치,"커리, 대화하기 좋아요, 수프, 음식이 맛있어요, 건강한 맛이에요"
GENJI,와규,높음,비쌈,아이치현 나고야시 나카구,"고기 질이 좋아요, 매장이 청결해요, 주차하기 편해요, 건강한 맛이에요, 와규"
Grill's Hayashi,터키식 밥,높음,저렴,나가사키시 에리마치,"음식이 맛있어요, 대기 시간이 있어요, 대기 시간이 있어요, 수프, ticket"
Nha Viet Nam Nagoya,쌀국수,보통,보통,아이치현 나고야 나카무라구,"맥주가 맛있어요, 음식이 맛있어요, 대화하기 좋아요, 매장이 청결해요, 음식이 빨리 나와요"
Hakata Yari Udon - Fukuoka,우동 ,보통,보통,후쿠오카시 주오구,"치즈, 재료가 신선해요, 굴, 주차하기 편해요, 생"
Okkundou Mazemen,"라멘, 치킨, 맥주",매우 높음,정보 없음,히로시마현 나카구 ,"오래 머무르기 좋아요, 훗카이도, 가족모임하기 좋아요, 인테리어가 멋져요, 스시"
KYOTO GOJO ONO,뷔페식,매우 높음,정보 없음,교토시 시모교구,"요리 기법이 훌륭해요, 미소, 라멘, 대기 시간이 길어요, 가성비가 좋아요"
Plaiga TOKYO,푸아그라,매우 높음,정보 없음,도쿄도 치요다구,"특별한 메뉴가 있어요, 연인/배우자, 주차하기 편해요, 부모님, 스시"
Kobe Beef “Steakhouse Kozai”,비프,매우 높음,정보 없음,오사카시 주오구,"오래 머무르기 좋아요, 음식이 맛있어요, 재료가 신선해요, 차분한 분위기에요, 스시"
R1 Tokyo Restaurant & Cocktail Bar,"와규, 잿방어 카르파초, 칵테일",높음,정보 없음,도쿄도 미나토구,"음식이 맛있어요, 다양한 메뉴가 있어요, 라멘, 친절해요, 음식이 맛있어요"
Motsunabe Rakutenchi Tenjin BR,모츠나베,매우 높음,보통,후쿠오카시 츄오구,"덤플링, 교자, 교자, 현지 맛에 가까워요, 인테리어가 멋져요"
Lohas Natural Food Dining,가파오라이스,높음,보통,홋카이도 삿포로시 주오구,"매장이 청결해요, 대기시간이 길어요, 화장실이 깨끗해요, 인테리어가 멋져요, 데이트"
Sapporo (Nadamansaryo),가이세키,높음,비쌈,홋카이도 삿포로 주오구,"대화하기 좋아요, 양, 부위가 다양해요, 인테리어가 멋져요, 친구"
Sushi Sakai,스시,매우 높음,매우 비쌈,후쿠오카시 주오구,"음식이 맛있어요, 차분한 분위기에요, 신선해요, 컨셉이 독특해요, 건강한 맛이에요"
"SUSHI KATO SAPPORO SAKE, WINE & SEAFOOD","니기리, 게",높음,보통,홋카이도 삿포로시 주오구,"양이 많아요, 오래 머무르기 좋아요, 음식이 맛있어요, 연인/배우자, 식사하기 좋아요"
Daruma Main Shop,양고기,높음,저렴,홋카이도 삿포로시 주오구,"아늑해요, 뷔페식, 매장이 청결해요, 호텔, 식사하기 좋아요"
Jingisukan Daruma 4?4 Nikaitei,"양고기, 양갈비, 징기스칸",높음,보통,홋카이도 삿포로 주오구,"음식이 맛있어요, 화장실이 깨끗해요, 대화하기 좋아요, 라멘, 건강한 맛이에요"
Daruma 6.4 Shop,징기스칸,높음,보통,홋카이도 삿포로 주오구,"음식이 맛있어요, 친절해요, 음식이 맛있어요, 매장이 넓어요, 메뉴 구성이 알차요"
Sapporokko,게,보통,보통,홋카이도 삿포로 주오구,"게, 컨셉이 독특해요, 샤브, 스시, 가족모임"
Shirokane Nishida,참치,매우 높음,정보 없음,후쿠오카시 주오구,"음식이 맛있어요, 대기시간이 길어요, 단체, 가족모임하기 좋아요, 룸이 잘 되어있어요"
堺町キッチン 志庵,"덮밥, 커리",매우 높음,저렴,히로시마현 나카구,"대화하기 좋아요, 현지 맛에 가까워요, 대기 시간이 있어요, 스시, 음식이 맛있어요"
Chibo Okonomiyaki Restaurant,오코노미야끼,높음,보통,오사카시 주오구,"사진이 잘 나와요, 특별한 메뉴가 있어요, 음식이 맛있어요, 사케, 음식이 빨리 나와요"
Restaurant Sola,"코스요리, 해산물 메뉴, 돼지고기를 이용한 메인 디쉬",매우 높음,정보 없음,후쿠오카시 하카타구,"친절해요, 차분한 분위기에요, 메뉴 구성이 알차요, 다양한 메뉴가 있어요, 음식이 빨리 나와요"
YAKINIKU SORAUMI NAGASAKI,야키니쿠,높음,정보 없음,나가사키시 도자마치,"커리, 음식이 맛있어요, 특별한 메뉴가 있어요, 수프, 건강한 맛이에요"
Nagoya Garden Farm Meieki,피자,높음,보통,아이치현 나고야시 나카무라구,"음식이 맛있어요, 재료가 신선해요, 다양한 메뉴가 있어요, 대기 시간이 있어요, 밥"
Hakata Ippudo,라멘,높음,보통,히로시마시 나카구,"게, 음식이 맛있어요, 대화하기 좋아요, 주차하기 편해요, 흡연"
Sushi Dejima,스시,매우 높음,매우 비쌈,나가사키시 데지마마치,"고기 질이 좋아요, 소, 인테리어가 멋져요, 컨셉이 독특해요, 혀"
Osteria L'amante Nagoya Global Gate,"파스타, 스테이크, 피자",높음,정보 없음,아이치현 나고야시 나카무라구,"양이 많아요, 술이 다양해요, 굴, 신선해요, 샐러드바가 잘 되어있어요 "
The Cellar Kyoto,코스요리,매우 높음,보통,교토부 나카교구,"음식이 맛있어요, 건강한 맛이에요, 집중하기 좋아요, 수프, 매콤하게 먹을 수 있어요"
The One and Only,"카르파초, 와인",높음,정보 없음,아이치현 나고야 니시구 ,"일상, 중국식, 음식이 맛있어요, 추천을 잘 해줘요, 매콤하게 먹을 수 있어요"
Ginzaya,"소고기다다끼, 마파두부, 맥주",높음,저렴,오사카시 기타구,"음식이 맛있어요, 데이트, 메뉴 구성이 알차요, 주차하기 편해요, 인테리어가 멋져요"
Hakodate Uni Murakami Nippon Life Sapporo Building Store,"해산물, 우니, 바지락술찜",높음,비쌈,홋카이도 삿포로 주오구,"음식이 맛있어요, 음식이 맛있어요, 대화하기 좋아요, 주차하기 편해요, 스시"
Viridis,뷔페식 식사,매우 높음,정보 없음,후쿠오카시 주오구,"재료가 신선해요, 추천을 잘 해줘요, 신선해요, 밥, 스시"
Japanese Ryukyu Cuisine SAWA,오키나와 전통식,높음,정보 없음,오키나와현 나카가미군,"바, 버거, 친절해요, 연인/배우자, 특별한 날 가기 좋아요"
Sushi H?seki,스시,매우 높음,정보 없음,도쿄도 주오구,"맥주가 맛있어요, 대화하기 좋아요, 매장이 청결해요, 다양한 메뉴가 있어요, 직접 잘 구워줘요"
Cantina23,"블루베리파이, 오징어튀김, 샌드위치, 브리또 ",매우 높음,보통,히로시마시 나카구.,"커리, 음식이 맛있어요, 음식이 맛있어요, 주차하기 편해요, 밥"
C? LA VI TOKYO,"버거, 똠양꿍",보통,비쌈,도쿄도 시부야구,"음식이 맛있어요, 대화하기 좋아요, 메뉴 구성이 알차요, 주차하기 편해요, 인테리어가 멋져요"
chano - ma Fukuoka,방어 덮밥 정식,매우 높음,보통,후쿠오카시 주오구,"화장실이 깨끗해요, 연인/배우자, 주차하기 편해요, 샐러드바가 잘 되어있어요 , 매장이 넓어요"
Desperados Mexican Restaurant and Bar,"타코, 엔칠라다",매우 높음,보통,아이치현 나고야시 나카구,"음식이 맛있어요, 대화하기 좋아요, 연인/배우자, 주차하기 편해요, 타이"
Hakkakuan Osaka Station City,"토푸, 가이세키",매우 높음,보통,오사카시 기타구,"버거, 버거, 프라이, 매장이 청결해요, 밀크셰이크"
Bacon Bar Japan,브런치,매우 높음,정보 없음,오키나와현 이케하라,"일상, 음식이 맛있어요, 난, 매콤하게 먹을 수 있어요, 건강한 맛이에요"
Cafe Orleans,"치킨 샌드위치, beignets",매우 높음,보통,오키나와현 기노완시,"안토니오, 음악이 좋아요, 음식이 맛있어요, 케밥, 음식이 빨리 나와요"
Mekeni Restaurant & Bar,크리스피파타,매우 높음,정보 없음,오키나와현 우에치,"음식이 맛있어요, 매장이 청결해요, 현지 맛에 가까워요, 스시, 현지 맛과 가까워요"
Mezopotamia Kebab House,케밥,매우 높음,정보 없음,교토시 나카교구,"브리토, 음식이 맛있어요, 부위가 다양해요, 주차하기 편해요, 타코"
Pasathai Okinawa,"팟타이, 똠얌",매우 높음,정보 없음,오키나와현 나카가미군,"현지의 맛에 가까워요, 음식이 맛있어요, 매장이 넓어요, 다양한 메뉴가 있어요, 스시"
Tequila Bar & Grill,"생선 타코, 브리또",높음,정보 없음,오키나와현 샌트럴,"코스요리가 알차요, 음식이 맛있어요, 매장이 청결해요, 식사하기 좋아요, 메뉴 구성이 알차요"
Itasoba Kaoriya Hiroshima Otemachi,"냉소바, 온소바, 계란말이",높음,보통,히로시마시 나카구,"일상, 커리, 음식이 맛있어요, 대화하기 좋아요, 특별한 메뉴가 있어요"
Wanari,"굴, 사케 ",보통,비쌈,히로시마현 나카구,"오래 머무르기 좋아요, 특별한 메뉴가 있어요, 대화하기 좋아요, 화장실이 깨끗해요, 인테리어가 멋져요"
Gyukatsu Motomura,규카츠,매우 높음,보통,후쿠오카시 주오구,"음식이 맛있어요, 차분한 분위기에요, 주차하기 편해요, 인테리어가 예뻐요, 추천을 잘해줘요"
Restaurant Hiramatsu Hakata,"생선 요리, 고기 요리",높음,매우 비쌈,후쿠오카시 하카타구,"오래 머무르기 좋아요, 음식이 맛있어요, 대화하기 좋아요, 주차하기 편해요, 타코"
Tempura Hirao,튀김 ,높음,저렴,후쿠오카시 주오구,"대화하기 좋아요, 현지 맛에 가까워요, 오꼬노미야끼, 신선해요, 오징어"
HIROO ONOGI,"오마카세, 아귀 간, 굴",높음,비쌈,도쿄도 시부야구,"음식이 맛있어요, 재료가 신선해요, 메뉴 구성이 알차요, 인테리어가 멋져요, 타이"
Kitchen Nogi Macrobiotic & Organic restaurant,라멘,매우 높음,정보 없음,오키나와현 나카소니치,"바, 친절해요, 음식이 맛있어요, 대화하기 좋아요, 메뉴 구성이 알차요"
ザ マ?ケット エフ - THE MARKET F,"뷔페, 수프, 비프",높음,비쌈,후쿠오카시,"음식이 맛있어요, 현지 장어, 음식이 맛있어요, 밥, 가성비가 좋아요"
KYOTO BISTRO,"버거, 피시앤칩스, 와규 비프 카레라이스",높음,정보 없음,교토시 히가시야마구,"건강한 맛이에요, 현지 장어, 직접 잘 구워줘요, 밥, 현지 장어"
koba,와규,매우 높음,보통,히로시마현 나카구,"음식이 맛있어요, 대화하기 좋아요, 데이트, 주차하기 편해요, 외관이 예뻐요"
Momonoki,라멘 ,매우 높음,정보 없음,히로시마시 나카구,"양이 많아요, 음식이 맛있어요, 인도네시안, 매장이 넓어요, 특별한 메뉴가 있어요"
Lucky,"오코노미야끼, 야끼소바",매우 높음,보통,오키나와현 우에치,"코스요리가 알차요, 매장이 넓어요, 데이트, 매장이 청결해요, 대기시간이 길어요"
Parco della Pace,피자,매우 높음,보통,히로시마시 나카구,"음식이 맛있어요, 재료가 신선해요, 음식이 맛있어요, 추천을 잘 해줘요, 현지 장어"
Roguii,"치킨로스트, 코코넛커리, 샌드위치, 브런치, 커피",높음,보통,오키나와현 요기,"음식이 맛있어요, 미소, 미소카츠, 밥, 친구"
Terang Bulan Osaka,"나시 파당, 나시 참푸르 ",매우 높음,저렴,오사카시 주오구,"고기 질이 좋아요, 양이 많아요, 특별한 메뉴가 있어요, 여행, 다양한 메뉴가 있어요"
The Fire,"비건 라멘, 비건 일식 요리 ",매우 높음,정보 없음,오사카시 주오구,"음식이 맛있어요, 대화하기 좋아요, 매장이 넓어요, 데이트, 혼밥하기 좋아요"
"Dry aging& Fresh fish, Fukuoka traditional food Yukihana","모츠나베, 와규",매우 높음,정보 없음,후쿠오카시 주오구,"직접 잘 구워줘요, 부위가 다양해요, 주차하기 편해요, 음료가 맛있어요, 추천을 잘해줘요"
Jojoen Sapporo Susukino,야키니쿠,높음,비쌈,홋카이도 삿포로 주오구,"고기 질이 좋아요, 음식이 맛있어요, 대기시간이 길어요, 혀, 데이트"
Hiroshima Okonomiyaki Kamehameha,"오꼬노미야끼, 비프",매우 높음,보통,교토시 나카교구,"음식이 맛있어요, 음식이 맛있어요, 메뉴 구성이 알차요, 음식이 빨리 나와요, 타이"
Kani Honke Nagoya Ekimae,게,보통,비쌈,아이치현 나고야시 나카무라구,"음식이 맛있어요, 동(덮밥), 음식이 맛있어요, 특별한 메뉴가 있어요, 외관이 예뻐요"
Kani Honke Sapporo Station Main Branch,게,높음,비쌈,홋카이도 삿포로시 주오구,"고기 질이 좋아요, 특별한 메뉴가 있어요, 인테리어가 멋져요, 직접 잘 구워줘요, 사진이 잘 나와요"
Hokkaido Kani-Shogun SAPPORO,게 요리,보통,비쌈,홋카이도 삿포로시 주오구,"화장실이 깨끗해요, 음식이 맛있어요, 대화하기 좋아요, 연인/배우자, 쌀국수"
Katsukura - Kyoto Porta,돈가쓰,높음,보통,교토시 시모교구,"음식이 맛있어요, 화장실이 깨끗해요, 다양한 메뉴가 있어요, 뷰가 좋아요, 대기 시간이 길어요"
Kiwamiya Fukuoka Parco Store,함박 스테이크,높음,보통,후쿠오카시 주오구,"음식이 맛있어요, 차분한 분위기에요, 파스타, 인테리어가 멋져요, 대기시간이 길어요"
Kobe Beef Steak Ishida.Main-Shop,고베규,매우 높음,비쌈,효고현 고베 주오구,"매장이 넓어요, 음식이 맛있어요, 현지 맛에 가까워요, 다양한 메뉴가 있어요, 와인"
KOBE BEEF EiKiChi,고베규,매우 높음,보통,효고현 고베시 주오구,"프라이, 대화하기 좋아요, 데이트, 화장실이 깨끗해요, 인테리어가 멋져요"
Kobe Beef GENKICHI,고베규,매우 높음,비쌈,효고현 고베시 주오구,"게, 음식이 맛있어요, 대화하기 좋아요, 인테리어가 멋져요, 음식이 빨리 나와요"
Kobe Beef KOJYU,"고베규, 비프, 샤토브리앙",매우 높음,보통,효고현 고베 주오구,"오래 머무르기 좋아요, 차분한 분위기에요, 식사하기 좋아요, 메뉴 구성이 알차요, 음식이 빨리 나와요"
Kobe Beef MIYABI,고베규,매우 높음,정보 없음,효고현 고베시 주오구,"음식이 맛있어요, 프라이, 인테리어가 멋져요, 토푸, 데이트"
Kobe Beef WANOMIYA,"비프, 스테이크, 스테이크꼬치, 스테이크덮밥 ",매우 높음,정보 없음,오사카시 주오구,"화장실이 깨끗해요, 음식이 맛있어요, 재료가 신선해요, 대기시간이 길어요, 대기 시간이 길어요"
KOBE BEEF 5STAR,"고베규, 생맥주",높음,비쌈,효고현 고베 주오구,"오래 머무르기 좋아요, 음식이 맛있어요, 프라이, 대화하기 좋아요, 굴"
Midtown BBQ Nagoya,"포크,  치즈버거, 나초",높음,보통,아이치현 나고야시 나카무라구,"오래 머무르기 좋아요, 특별한 메뉴가 있어요, 음식이 맛있어요, 직접 잘 구워줘요, 와규"
MORETHAN Grill,"런치코스, 구운 고기, 구운 생선, 굴, 생선 카르파초, 제철 메뉴, 파스타, 리조또, 술(와인, 위스키, 맥주, shochou, 사케, 칵테일)",높음,정보 없음,도쿄도 신주쿠구,"음식이 맛있어요, 매장이 청결해요, 메뉴가 다양해요, 인테리어가 멋져요, 건강한 맛이에요"
MoreThan HIROSHIMA,"피자, 파스타",높음,정보 없음,히로시마시 나카구,"음식이 맛있어요, 직접 잘 구워줘요, 친구, 오꼬노미야끼, 음식이 맛있어요"
Kobe Beef Steak Restaurant Royal Mouriya,"비프, 고베규, 사케",매우 높음,매우 비쌈,효고현 고베 주오구,"인테리어가 멋져요, 음식이 맛있어요, 대기시간이 길어요, 음식이 빨리 나와요, 소바"
Kobe Steak Restaurant Mouriya Lin,"고베규, 비프, 설로인,와규",매우 높음,비쌈,효고현 고베 중앙구,"친절해요, 생선, 주차하기 편해요, 인테리어가 멋져요, 해산물음식이 맛있어요"
Kobe Beef Steak Restaurant Mouriya Honten,"비프 설로인, 고베규",높음,비쌈,효고현 고베시 주오구,"음악이 좋아요, 특별한 메뉴가 있어요, 음식이 맛있어요, 인디안, 인테리어가 멋져요"
Tarafuku Asa,"사시미, 고구마튀김",높음,보통,나가사키시 아부라야마치,"현지의 맛에 가까워요, 연인/배우자, 오꼬노미야끼, 주차하기 편해요, 부모님"
Touch N Go Diner,"버거, 치킨스트립, 피자",높음,저렴,오키나와현 나카가미군,"양이 많아요, 특별한 메뉴가 있어요, 부모님, 가족모임하기 좋아요, 대기시간이 길어요"
NOBU Tokyo,"오마카세, 스시",높음,비쌈,도쿄도 미나토구,"음식이 맛있어요, 이탈리안, 데이트, 피자, 특별한 날 가기 좋아요"
Ore no French Hakata,암소 필레와 푸아그라 로시니,높음,보통,후쿠오카시 하카타구,"추천을 잘해줘요, 친절해요, 매장이 깨끗해요, 메뉴 구성이 알차요, 라멘"
PASTA+,"토마토 해산물 파스타, 라자냐, 리조또 ",매우 높음,보통,오사카시 니시구,"음식이 맛있어요, 음식이 맛있어요, 신선해요, 인테리어가 멋져요, 터키식"
Ramen Hiiragi,라멘,높음,보통,나가사키시 도자마치,"깊은 맛이 나요, 부위가 다양해요, 신선해요, 인테리어가 멋져요, 직접 잘 구워줘요"
La Shomon,고베규,높음,보통,효고현 고베시 다루미구,"오래 머무르기 좋아요, 메뉴 구성이 알차요, 데이트, 오꼬노미야끼, 추천을 잘 해줘요"
Rikyu Beef Tongue Restaurant Nagoya Station Gate Tower,소 혀,높음,보통,아이치현 나고야시 나카무라구,"화장실이 깨끗해요, 음식이 맛있어요, 매장이 청결해요, 주차하기 편해요, 인테리어가 멋져요"
Mizuki,"가이세키, 튀김",매우 높음,정보 없음,교토시 나카교구,"음식이 맛있어요, 대화하기 좋아요, 현지 맛에 가까워요, 다양한 메뉴가 있어요, 스시"
Osaka Tonteki,돈테키 ,높음,보통,오사카시 주오구,"사진이 잘 나와요, 매장이 넓어요, 외관이 멋져요, 음식이 빨리 나와요, 대기시간이 길어요"
Kobe Beef Steak Sakura,"고베규, 랍스터",높음,정보 없음,고배시 주오구,"음식이 맛있어요, 현지 맛에 가까워요, 식사하기 좋아요, 주차하기 편해요, 음식이 빨리 나와요"
Ristorante Mario,"와규, 오리",높음,보통,히로시마현 나카구,"매장이 넓어요, 양이 많아요, 차분한 분위기에요, 굴, 가성비가 좋아요"
Sapporo Garden Grill,"양고기, 파이브스타 맥주",높음,비쌈,홋카이도 삿포로시 히가시구,"건강한 맛이에요, 음식이 맛있어요, 나들이, 양이 많아요, 컨셉이 독특해요"
Western Cuisine Kappo Sora,"스테이크, 파스타 ",매우 높음,보통,오사카시 니시구,"다이닝, 룸이 잘 되어있어요, 인테리어가 멋져요, 매장이 넓어요, 차가 맛있어요"
Tor Road Steak Aoyama,"고베규, 비프, 스테이크세트, 케익, 샤베트",매우 높음,비쌈,효고현 고베 주오구,"음식이 빨리 나와요, 음식이 맛있어요, 데이트, 식사하기 좋아요, 매장이 깨끗해요"
Shikihanamaru Tokeidai,스시,높음,보통,홋카이도 삿포로 주오구 ,"음식이 맛있어요, 음식이 맛있어요, 대화하기 좋아요, 매장이 넓어요, 밥"
Sushi Ikko,스시,매우 높음,매우 비쌈,홋카이도 삿포로시 주오구,"베이컨, 커피가 맛있어요, 매장이 넓어요, 데이트, 피자"
Kobe Rogama Kobo,고베규 ,매우 높음,보통,효고현 고베 중앙구,"오래 머무르기 좋아요, 커틀렛, 카츠, 연인/배우자, 돼지고기"
Tempura Tenkou,"덴푸라, 코스요리",높음,보통,히로시마시 나카구,"음식이 맛있어요, 현지의 맛에 가까워요, 매장이 넓어요, 라멘, 토마토"
Teppan dining Seeks,와규,매우 높음,보통,오사카시 주오구,"덤플링, 계란, 대화하기 좋아요, 메뉴 구성이 알차요, 데이트"
Kobe Fuji Kobe Beef Steak & Teppanyaki,"고베규 함박 스테이크, 고로케",매우 높음,보통,효고현 고베시 주오구,"차분한 분위기에요, 데이트, 밥, 샐러드바가 잘 되어있어요 , 터키식"
Yakitoritorimasa Ebisumachiten,"야끼토리, 병어회타다끼, 굴튀김, 구운오니기리",높음,보통,나가사키시 에비스마치 ,"양이 많아요, 친절해요, 재료가 신선해요, 대화하기 좋아요, 매장이 청결해요"
Tofu Ukai,"토푸, 코스요리",높음,비쌈,도쿄도 미나토구,"친절해요, 매장이 청결해요, 특별한 음식이 있어요, 음식이 맛있어요, 음식이 빨리 나와요"
A5 Wagyu Yakiniku Osaka PANGA | Osaka halal restaurant,와규,매우 높음,정보 없음,오사카부 주오구,"커리, 양이 많아요, 음식이 맛있어요, 혼밥하기 좋아요, 건강한 맛이에요"
MAIN DINING cotton.｜WITH THE STYLE FUKUOKA,"코스요리, 파스타, 팬케이크, 스테이크 ",높음,보통,후쿠오카시 하카타구,"오래 머무르기 좋아요, 친절해요, 메뉴 구성이 알차요, 단체, 소금"
Hiroshima specialty oyster first,굴 튀김,높음,저렴,히로시마시 나카구,"동(덮밥), 음식이 맛있어요, 대화하기 좋아요, 메뉴가 다양해요, 밥"
Yohaku,과자,높음,정보 없음,오사카시 주오구,"친절해요, 대화하기 좋아요, 매장이 청결해요, 현지 맛에 가까워요, 인테리어가 멋져요"
和風ラザニア?門店Y（ワイ）,버섯치즈밥,매우 높음,정보 없음,아이치현 나고야시 나카구,"뷔페식, 음식이 맛있어요, 음식이 맛있어요, 대화하기 좋아요, 신선해요"
Nadaman at Shangri-La Hotel Tokyo,"스시, 가이세키",높음,비쌈,도쿄도 치요다구,"에피타이저가 맛있어요, 음료가 맛있어요, 다양한 메뉴가 있어요, 와규, 가성비가 좋아요"
A5 Wagyu Osaka Panga branch | Osaka halal restaurant,와규,매우 높음,정보 없음,오사카시 주오구,"설명이 자세해요, 음식이 맛있어요, 대화하기 좋아요, 음악이 좋아요, 현지의 맛과 비슷해요"
Gyozaoh! Dotonbori,"교자, 치킨, 라멘, 생맥주",높음,저렴,오사카시 주오구,"현지 맛에 가까워요, 중국식, 누들, 누들, 수프"
MOMO’s Cafe & Restaurant Osaka Halal Restaurant,"비리아니, 치킨",높음,정보 없음,오사카시 주오구,"중국식, 현지 맛에 가까워요, 음식이 맛있어요, 대화하기 좋아요, 밥"
Onigiri Gorichan,오니기리,매우 높음,정보 없음,오사카시 주오구,"커리, 음식이 맛있어요, 매장이 청결해요, 주차하기 편해요, 음식이 빨리 나와요"
KYOTO ENGINE RAMEN,라멘,높음,보통,교토시 나카교구,"음식이 맛있어요, 대화하기 좋아요, 인디안, 현지 맛에 가까워요, 신선해요"
Yorgo,"성게, 비프",높음,정보 없음,후쿠오카시 주오구,"고기 질이 좋아요, 요리 기법이 훌륭해요, 특별한 메뉴가 있어요, 음식이 맛있어요, 인테리어가 멋져요"
Jyo,"오꼬노미야끼, 야끼소바",높음,정보 없음,후쿠오카시 하카타구,"특별한 메뉴가 있어요, 여행, 연인/배우자, 신선해요, 인테리어가 멋져요"
Sapporo Gyouzayasan,"덤플링, 교자",매우 높음,보통,홋카이도 삿포로시 주오구,"고기 질이 좋아요, 음식이 맛있어요, 여행, 연인/배우자, 신선해요"
Sapporo Soup Curry BAR Dan,스프카레,매우 높음,보통,홋카이도 삿포로 주오구,"고기 질이 좋아요, 요리 기법이 훌륭해요, 재료가 신선해요, 여행, 인테리어가 멋져요"
Ryu’s Dining,치킨,매우 높음,정보 없음,오키나와현 나카가미군,"고기 질이 좋아요, 음식이 맛있어요, 음식이 맛있어요, 여행, 신선해요"
Charlie's Tacos,타코,높음,보통,오키나와현 샌트럴,"고기 질이 좋아요, 요리 기법이 훌륭해요, 특별한 메뉴가 있어요, 매장이 청결해요, 여행"
Mickey's,"갈릭치킨, 돈부리, 가츠동",높음,저렴,오키나와현 샌트럴,"고기 질이 좋아요, 친절해요, 여행, 설로인, 와규"
Sandbox Burgers,버거,매우 높음,보통,오키나와현 나카가미군,"고기 질이 좋아요, 매장이 청결해요, 여행, 식사하기 좋아요, 컨셉이 독특해요"
Yunangi,"오키나와 가정식, 두부참푸르와 미소소스에 절여진 돼지고기, 참푸르, 된장국",높음,보통,오키나와현 나하구,"고기 질이 좋아요, 대화하기 좋아요, 여행, 인테리어가 멋져요, 직접 잘 구워줘요"
istanbulkebab house shisha cafe&Bar,케밥,높음,정보 없음,오키나와현 나카가미군,"요리 기법이 훌륭해요, 음식이 맛있어요, 대화하기 좋아요, 여행, 주차하기 편해요"
DOS MANOS,브리또,높음,보통,오키나와현 샌트럴,"고기 질이 좋아요, 요리 기법이 훌륭해요, 여행, 데이트, 설로인"
Daruma Soba,오키나와소바,높음,저렴,오키나와현 야마자토,"고기 질이 좋아요, 요리 기법이 훌륭해요, 특별한 메뉴가 있어요, 여행, 컨셉이 독특해요"
Asian Food Fuuten,팟타이 ,매우 높음,보통,오키나와현 나카가미군,"고기 질이 좋아요, 요리 기법이 훌륭해요, 특별한 메뉴가 있어요, 여행, 컨셉이 독특해요"
Everest 8848 Restaurant,"커리, 난",높음,정보 없음,아이치현 나고야시 니시구,"고기 질이 좋아요, 오래 머무르기 좋아요, 특별한 메뉴가 있어요, 여행, 주차하기 편해요"
Kato,"우동, 튀김",높음,보통,나고야 아이치현 나카무라구,"고기 질이 좋아요, 오래 머무르기 좋아요, 화장실이 깨끗해요, 음식이 빨리 나와요, 스시"
Ashif Halal kitchen,"생선 튀김, 새우커리",매우 높음,정보 없음,나고야 아이치현 쇼와구,"고기 질이 좋아요, 오래 머무르기 좋아요, 요리 기법이 훌륭해요, 특별한 메뉴가 있어요, 여행"
Jirokichi,오꼬노모야끼 ,매우 높음,보통,히로시마시 나카구,"고기 질이 좋아요, 술이 다양해요, 여행, 부모님, 직접 잘 구워줘요"
Hassei,오꼬노미야끼 ,매우 높음,저렴,히로시마현 나카구,"고기 질이 좋아요, 매장이 청결해요, 여행, 직접 잘 구워줘요, 뷰가 좋아요"
Hiyori,오꼬노미야끼,매우 높음,저렴,히로시마현 나카구,"고기 질이 좋아요, 재료가 신선해요, 매장이 청결해요, 여행, 신선해요"
Okonomiyaki Mitsu,오꼬노미야끼,높음,보통,히로시마현 나카구,"고기 질이 좋아요, 요리 기법이 훌륭해요, 컨셉이 독특해요, 여행, 혼밥하기 좋아요"
Graffity,브리또,높음,보통,히로시마시 나카구,"고기 질이 좋아요, 재료가 신선해요, 음식이 맛있어요, 여행, 혼밥하기 좋아요"
Hiroto,"라트비아산 캐비어, 프랑스산 아스파라거스, 히로시마 소고기와 굴, 야마구치산 자주복, 야마나시산 송어, 송로버섯, 소고기 스테이크",높음,정보 없음,히로시마현 나카구,"고기 질이 좋아요, 요리 기법이 훌륭해요, 여행, 직접 잘 구워줘요, 대기시간이 길어요"
Ganchan,오꼬노미야끼,높음,저렴,히로시마현 나카구,"고기 질이 좋아요, 건강한 맛이에요, 음식이 맛있어요, 대화하기 좋아요, 매장이 청결해요"
Yokkun,오꼬노미야끼,높음,저렴,히로시마현 나카구,"화장실이 깨끗해요, 고기 질이 좋아요, 컨셉이 독특해요, 식사하기 좋아요, 인테리어가 멋져요"
Teppanyaki DONTOKO Hatchobori,오꼬노미야끼,높음,보통,히로시마시 나카구,"고기 질이 좋아요, 요리 기법이 훌륭해요, 특별한 메뉴가 있어요, 여행, 부위가 다양해요"
Tsuruchan,"토루코라이스, 히야시라이스",보통,보통,나가사키시 아부라야마치,"고기 질이 좋아요, 요리 기법이 훌륭해요, 특별한 날 가기 좋아요, 여행, 직접 잘 구워줘요"
Hifumitei,"닭죽, 닭튀김",높음,정보 없음,나가사키시 후루카와마치,"고기 질이 좋아요, 요리 기법이 훌륭해요, 음식이 맛있어요, 신선해요, 특별한 날 가기 좋아요"
Kizuna,터키식 밥,높음,보통,나가사키시 미나미야마테마치,"고기 질이 좋아요, 음식이 맛있어요, 여행, 부위가 다양해요, 부모님"
Kitchen Masa,"함박스테이크, 닭튀김, 오므라이스",높음,저렴,나가사키시 고토마치,"나들이, 음식이 빨리 나와요, 음식이 맛있어요, 컨셉이 독특해요, 특별한 날 가기 좋아요"
Nagasaki wagyu -Osaka ya Nagasaki station branch,"레몬스테이크, 사라다, 규모츠",보통,정보 없음,나가사키시 오노우에마치,"고기 질이 좋아요, 여행, 부위가 다양해요, 주차하기 편해요, 컨셉이 독특해요"
KOKUBU Steak House,"비프, 고베규",매우 높음,정보 없음,효고현 고베시 주오구,"고기 질이 좋아요, 요리 기법이 훌륭해요, 현지 맛에 가까워요, 여행, 와인"
Neiro,"스테이크, 비프, 고베규",매우 높음,보통,효고현 고베 주오구,"고기 질이 좋아요, 특별한 메뉴가 있어요, 음식이 맛있어요, 여행"
Kobe Shawarma,"비프, 샤와르마",매우 높음,보통,효고현 고베시 주오구,"고기 질이 좋아요, 오래 머무르기 좋아요, 여행, 라멘, 스시"
Kizahashi,가이세키,높음,정보 없음,교토시 시모교구,"대화하기 좋아요, 소스가 맛있어요, 튀김, 대기시간이 길어요, 우동"
Kinmata,"하모(붕장어), 가이세키",높음,정보 없음,교토시 나카교구,"매장이 깨끗해요, 밥, 연어, 건강한 맛이에요, 대기 시간이 길어요"
Maruya Honten - JR Nagoya Station,장어덮밥,높음,비쌈,나고야 아이치현 나카무라구,"음식이 맛있어요, 대화하기 좋아요, 이탈리안, 데이트, 인테리어가 멋져요"
Soup Curry Treasure,커리,높음,보통,홋카이도 삿포로 주오구,"음식이 맛있어요, 대화하기 좋아요, 친구, 인테리어가 멋져요, 베트남식"
Nagoya Humburg Steak Restaurant Hikiniku no Toriko Sakae Store,함박스테이크,높음,보통,아이치현 나고야시 나카구,"기념일, 특별한 날에 가기 좋아요, 음식이 맛있어요, 음식이 빨리 나와요, 매장이 넓어요"
Shikairou Chinese Restaurant,"나가사키 짬뽕, 볶음밥",보통,보통,나가사키시 마쓰가에마치,"추천을 잘해줘요, 주차하기 편해요, 인테리어가 예뻐요, 인테리어가 멋져요, 해산물음식이 맛있어요"
SUKHONTHA Meieki,"돔양꿍, 팟타이",보통,보통,아이치현 나고야시 나카무라구,"특별한 메뉴가 있어요, 직접 잘 구워줘요, 양, 부위가 다양해요, 인테리어가 멋져요"
Hakush? Teppanyaki,"비프, 등심 스테이크, 해산물 요리, 볶음 국수",매우 높음,비쌈,도쿄도 시부야구,"화장실이 깨끗해요, 아늑해요, 밥, 대기시간이 길어요, 현지 장어"
Japanese Restaurant Chisou Inaseya,"오마카세, 토종닭 스키야키",높음,보통,교토시 나카교구,"바, 친구, 데이트, 음식이 빨리 나와요, 뷰가 좋아요"
Bistro Bordeaux,"피자, 비프스튜",보통,보통,나가사키시 하마마치,"특별한 메뉴가 있어요, 대화하기 좋아요, 화장실이 깨끗해요, 가족모임하기 좋아요, 스시"
Osaka-ryori Asai,"오마카세 코스, 전복, 전채, 게",매우 높음,비쌈,오사카시 주오구,"생일, 음식이 맛있어요, 차분한 분위기에요, 음식이 빨리 나와요, 대기시간이 길어요"
Yakumo Sary?,"미소 수프, 모찌 ",높음,매우 비쌈,도쿄도 메구로구,"음식이 맛있어요, 메뉴 구성이 알차요, 주차하기 편해요, 음식이 빨리 나와요, 혼밥하기 좋아요"
Chatan Harbour Brewery Restaurant,"스테이크, 해산물 플래터, 버섯 리조또, 치킨, 맥주",높음,비쌈,오키나와현 나카가미군,"메뉴 구성이 알차요, 신선해요, 인테리어가 멋져요, 가족모임, 와인"
Ise Sueyoshi,전통 일본식 코스요리,매우 높음,정보 없음,도쿄도 미나토구,"브런치, 음식이 맛있어요, 팬케이크, 혼밥하기 좋아요, 가족모임"
Number 3,"스테이크덮밥, 스테이크",매우 높음,보통,히로시마시 나카구,"고기 질이 좋아요, 특별한 메뉴가 있어요, 여행, 직접 잘 구워줘요, 화장실이 깨끗해요"
Restaurant & Bar “SKY J”／JR Tower Hotel Nikko Sapporo,"코스요리, 뷔페",높음,보통,홋카이도 삿포로 주오구,"커피가 맛있어요, 음식이 맛있어요, 대화하기 좋아요, 라멘, 혼밥하기 좋아요"
Ichiran Nagoya Sakae,라멘,높음,보통,아이치현 나고야시 나카구,"사진이 잘 나와요, 대화하기 좋아요, 음식이 빨리 나와요, 컨셉이 독특해요, 와인"
Ichiran Hiroshima Hondori shop,라멘,높음,보통,히로시마시 나카구,"음식이 맛있어요, 재료가 신선해요, 대화하기 좋아요, 화장실이 깨끗해요, 스시"
Sam's By-The-Sea,"랍스터, 스테이크, 립",높음,보통,오키나와현 아와세,"음식이 맛있어요, 친절해요, 훗카이도, 아늑해요, 연인/배우자"
Maruya Honten Nagoya Station Branch,장어덮밥,높음,비쌈,나고야 아이치현 나카무라구,"양, 친절해요, 친구, 대기 시간이 길어요, 대기시간이 길어요"
Fish Bank TOKYO,파인다이닝 ,높음,비쌈,도쿄도 미나토구,"특별한 메뉴가 있어요, 음식이 맛있어요, 매장이 청결해요, 부위가 다양해요, 스키야키"
Restaurant Toyo Tokyo,제철 메뉴,높음,비쌈,도쿄도 지요다구,"기념일, 뷔페식, 사진이 잘 나와요, 음식이 맛있어요, 음식이 빨리 나와요"
Narisawa,"일본식 프랑스요리, 제철 오마카세 코스, 가이세키, 차",매우 높음,매우 비쌈,도쿄도 미나토구,"오래 머무르기 좋아요, 요리 기법이 훌륭해요, 특별한 메뉴가 있어요, 친절해요, 와규"
Kyoto cuisine Hanasaki Nishikiten,가이세키,높음,보통,교토부 나카교구,"양이 많아요, 음식이 맛있어요, 대화하기 좋아요, 주차하기 편해요, 신선해요"
Ristorante Kubotsu,파스타 ,높음,비쌈,후쿠오카시 주오구,"음식이 맛있어요, 특별한 메뉴가 있어요, 데이트, 신선해요, 인테리어가 멋져요"
Aman Tokyo Arva Italian Restaurant,"샐러드, 파스타",높음,비쌈,도쿄도 치요다구,"매장이 청결해요, 메뉴 구성이 알차요, 스시, 차가 맛있어요, 가성비가 좋아요"
Masayoshi Japanese Dining,"스키야키, 비프",높음,보통,교토부 나카교구,"특별한 메뉴가 있어요, 인테리어가 독특해요, 화장실이 깨끗해요,가족모임 하기 좋아요, 와인"
MABRUR HALAL DINING (マブル? ハラル ダイニング京都）,"커리, 치킨, 케밥 플래터",매우 높음,정보 없음,교토시 나카교구,"음식이 빨리 나와요, 지인/동료, 생선, 다양한 메뉴가 있어요, 인테리어가 멋져요"
LA TABLE de Jo?l Robuchon,"프랑스 요리, 테이스팅 메뉴, 고급 와인 페어링",매우 높음,매우 비쌈,도쿄도 메구로구,"현지 맛에 가까워요, 현지 맛에 가까워요, 오꼬노미야끼, 추천을 잘 해줘요, 주차하기 편해요"
Ganso Ramen Yokocho Sapporo,라멘,보통,보통,홋카이도 삿포로시 주오구,"바삭바삭, 음식이 맛있어요, 현지 장어, 현지 맛과 비스해요, 현지 장어"
Western-Style Kobe Beef Amona,"오믈렛, 스테이크",높음,정보 없음,효고현 고베시 주오구,"아라비아따, 치즈, 피자, 매콤하게 먹을 수 있어요, 가성비가 좋아요"
Imuri,"코스요리, 사시미, 오마르새우 ",높음,비쌈,후쿠오카시 주오구,"음악이 좋아요, 일상, 커리, 음식이 맛있어요, 타이"
Restaurant TAMURA,코스요리,매우 높음,정보 없음,교토시 히가시야마구,"기념일, 음식이 맛있어요, 연인/배우자, 화장실이 깨끗해요, 주차하기 편해요"
Kobe Beef Yakiniku YAZAWA,고베규,매우 높음,보통,효고현 고베시 주오구,"음식이 맛있어요, 대화하기 좋아요, 친절해요, 말레이시안, 인테리어가 멋져요"
AIN SOPH. Journey KYOTO,"비건 버거, 비건 팬케이크",높음,보통,교토부 나카교구,"아메리칸, 특별한 날 가기 좋아요, 음식이 맛있어요, 다양한 메뉴가 있어요, 직접 잘 구워줘요"
Kobesteak Propeller,"랍스터, 와규, 스테이크",높음,보통,효고현 고베시 주오구 ,"기념일, 오래 머무르기 좋아요, 음식이 맛있어요, 매장이 넓어요, 주차하기 편해요"
U.S. burger,버거,매우 높음,보통,후쿠오카시 주오구,"고기 질이 좋아요, 요리 기법이 훌륭해요, 매장이 청결해요, 여행, 신선해요"
Locale,"브런치, 아보카도 토스트, 바나나 팬케이크, 커피, 버거",높음,보통,도쿄도 메구로구,"음식이 맛있어요, 주차하기 편해요, 돼지고기, 부모님, 메뉴 구성이 좋아요"
Fujiya 1935,"가이세키, 와인",높음,비쌈,오사카시 주오구,"화장실이 깨끗해요, 음식이 맛있어요, 대화하기 좋아요, 주차하기 편해요, 비싼 만큼 가치있어요"
Sapporo Genghis Khan (Main Shop),"양, 징기스칸",높음,보통,홋카이도 삿포로시 주오구,"고기 질이 좋아요, 매장이 넓어요, 여행, 밥, 직접 잘 구워줘요"
Okonomiyaki Katsu,오꼬노미야끼,매우 높음,저렴,교토시 우쿄구,"오래 머무르기 좋아요, 특별한 메뉴가 있어요, 식사하기 좋아요, 음식이 빨리 나와요, 차가 맛있어요"
Halal Ramen Naniwaya,"라멘, 와규",높음,보통,오사카시 주오구,"특별한 메뉴가 있어요, 카르파초, 음식이 맛있어요, 생선, 인테리어가 멋져요"
THE LEGIAN TOKYO,"제철 메뉴, 아시안 테이스트를 융합한 프렌치 요리",높음,비쌈,도쿄도 시부야구,"음식이 맛있어요, 오꼬노미야끼, 메뉴가 다양해요, 주차하기 편해요, 건강한 맛이에요"
Blanc Pierre,"구운 오리 가슴살, 구운 연어",매우 높음,보통,교토시 나카교구,"화장실이 깨끗해요, 대기시간이 길어요, 대기 시간이 있어요, 혼밥하기 좋아요, 스시"
Cafe Legato,"피자, 파스타",매우 높음,보통,도쿄도 시부야구,"차분한 분위기에요, 인테리어가 멋져요, 화장실이 깨끗해요, 혼밥하기 좋아요, 직접 잘 구워줘요"
Kuma Kafe,"버거, 피자",매우 높음,보통,오사카시 미나토구,"특별한 메뉴가 있어요, 코스요리가 알차요, 음식이 빨리 나와요, 대기시간이 길어요, 가성비가 좋아요"
Pizzeria Braceria CESARI!!,피자,높음,보통,아이치현 나고야시 나카구,"커리, 매장이 청결해요, 추천을 잘 해줘요, 신선해요, 건강한 맛이에요"
The Kawabun Nagoya,"해산물, 파스타",높음,비쌈,아이치현 나고야시 나카구,"특별한 날 방문하기 좋아요, 재료가 신선해요, 오마카세, 스시, 데이트"
"Downtown B's Indian Kitchen, Tokyo","치킨, 새우커리, 난",매우 높음,보통,도쿄도 미나토구,"양이 많아요, 친절해요, 음식이 빨리 나와요, 혼밥하기 좋아요, 토푸"
Hiroshima Yakumo,"샤브샤브, 스키야키",높음,비쌈,히로시마시 나카구,"고기 질이 좋아요, 음식이 맛있어요, 음식이 맛있어요, 화장실이 깨끗해요, 주차하기 편해요"
BESIDE SEASIDE,"오므라이스, 파스타, 빠에야",보통,보통,도쿄도 미나토구,"특별한 메뉴가 있어요, 음식이 맛있어요, 직접 잘 구워줘요, 부위가 다양해요, 혼밥하기 좋아요"
Oshokuji Dokoro Asuka,"우동, 야키토리, 튀김",높음,보통,교토시 히가시야마구,"양이 많아요, 음식이 맛있어요, 고급진 메뉴가 많이 나와요, 인테리어가 멋져요, 음식이 빨리 나와요"
Brazilian Churrasco CARIOCA NAGOYA,"슈하스쿠, 포크, 비프, 치킨",높음,보통,아이치현 나고야시 나카무라구,"사진이 잘 나와요, 음식이 맛있어요, 데이트, 음식이 빨리 나와요, 데이트"
Steakland Kobe-kan,고베규,높음,보통,효고현 고베 주오구,"코스요리가 알차요, 음식이 맛있어요, 사진이 잘 나와요, 양이 많아요, 특별한 메뉴가 있어요"
Okonomiyaki Chitose,"오코노미야끼, 포크",매우 높음,저렴,오사카시 니시나리구,"화장실이 깨끗해요, 대화하기 좋아요, 이탈리안, 파스타, 건강한 맛이에요"
Seaside,"립, 티본스테이크",높음,보통,오키나와현 나카가미군,"특별한 메뉴가 있어요, 음식이 맛있어요, 여행, 현지의 맛에 가까워요, 대기시간이 길어요"
Transit Caf?,"치즈퐁듀, 피시앤칩스",높음,보통,오키나와현 미야기현 차탄시 나카가미군,"음식이 맛있어요, 다양한 메뉴가 있어요, 주차하기 편해요, 타코, 타코"
Outback Steakhouse Nagoya,"스테이크, 버거",높음,보통,나고야시 나카고,"매장이 깨끗해요, 대화하기 좋아요, 주차하기 편해요, 소스가 맛있어요, 소바"
Fortune Garden Kyoto,방어 카르파초,높음,보통,교토시 나카교구,"매장이 청결해요, 라멘, 컨셉이 독특해요, 일상, 건강한 맛이에요"
Kakyo,가이세키,매우 높음,정보 없음,교토시 히가시야마구,"음식이 맛있어요, 대화하기 좋아요, 주차하기 편해요, 인테리어가 멋져요, 컨셉이 독특해요"
Ninja Tokyo,"코스요리, 일본식 소고기스테이크, 마늘버터를 곁들인 소라 ",높음,매우 비쌈,도쿄도 치요다구,"프라이, 대화하기 좋아요, 굴, 굴, 컨셉이 독특해요"
